{"stats":{"minecraft:picked_up":{"minecraft:crafting_table":1,"minecraft:oak_log":5,"minecraft:dirt":6,"minecraft:mossy_cobblestone":2},"minecraft:custom":{"minecraft:time_since_rest":8598,"minecraft:crouch_one_cm":725,"minecraft:sprint_one_cm":16889,"minecraft:play_time":8598,"minecraft:damage_taken":40,"minecraft:walk_one_cm":6505,"minecraft:sneak_time":630,"minecraft:walk_under_water_one_cm":2134,"minecraft:jump":99,"minecraft:leave_game":2,"minecraft:walk_on_water_one_cm":535,"minecraft:time_since_death":8598,"minecraft:total_world_time":8598,"minecraft:swim_one_cm":6526,"minecraft:interact_with_crafting_table":1,"minecraft:fall_one_cm":3512,"minecraft:fly_one_cm":19488},"minecraft:used":{"minecraft:dirt":1,"minecraft:crafting_table":1,"minecraft:wooden_pickaxe":2},"minecraft:crafted":{"minecraft:oak_planks":20,"minecraft:crafting_table":1,"minecraft:stick":4,"minecraft:wooden_pickaxe":1},"minecraft:mined":{"minecraft:grass_block":2,"minecraft:oak_log":5,"minecraft:mossy_cobblestone":2,"minecraft:dirt":4,"minecraft:crafting_table":1}},"DataVersion":2975}