{"stat.chestOpened":16,"stat.walkOneCm":42437,"stat.pickup.pixelmon.good_rod":2,"stat.boatOneCm":183907,"stat.pickup.pixelmon.kasib_berry":1,"stat.leaveGame":2,"stat.damageTaken":98,"stat.pickup.pixelmon.super_rod":1,"stat.furnaceInteraction":1,"stat.drop.minecraft.dirt":1,"stat.useItem.minecraft.cooked_porkchop":1,"stat.pickup.pixelmon.old_rod":1,"stat.flyOneCm":51914,"stat.pickup.minecraft.bed":2,"stat.pickup.minecraft.brown_mushroom":2,"stat.drop":1,"stat.jump":281,"stat.mineBlock.minecraft.leaves":5,"stat.swimOneCm":7366,"stat.pickup.pixelmon.wiki_berry":2,"stat.playOneMinute":29189,"stat.fallOneCm":6586,"stat.climbOneCm":2166,"stat.sneakTime":77,"stat.pickup.minecraft.cooked_porkchop":1,"stat.pickup.minecraft.porkchop":2,"stat.crouchOneCm":50,"stat.timeSinceDeath":29189,"stat.pickup.minecraft.dirt":2,"stat.sprintOneCm":46572,"stat.mineBlock.minecraft.dirt":2,"stat.useItem.minecraft.stone_slab2":1,"stat.pickup.pixelmon.leppa_berry":2,"stat.diveOneCm":6343}