{"stat.chestOpened":28,"stat.drop.minecraft.stone_pickaxe":2,"stat.drop.pixelmon.good_rod":1,"stat.pickup.pixelmon.crystal":1,"stat.pickup.pixelmon.good_rod":4,"stat.mineBlock.pixelmon.silicon_ore":5,"stat.pickup.pixelmon.kasib_berry":2,"stat.useItem.minecraft.fish":1,"stat.drop.minecraft.wooden_pickaxe":1,"stat.leaveGame":4,"stat.mineBlock.minecraft.cobblestone":5,"stat.pickup.pixelmon.super_rod":2,"stat.pickup.minecraft.stone_pickaxe":1,"stat.pickup.pixelmon.old_rod":6,"stat.pickup.pixelmon.persim_berry":2,"stat.jump":1230,"stat.swimOneCm":34119,"stat.pickup.minecraft.coal":87,"stat.fallOneCm":29468,"stat.climbOneCm":3261,"stat.pickup.pixelmon.ruby":4,"stat.pickup.pixelmon.mystic_water":1,"stat.pickup.minecraft.cooked_porkchop":1,"stat.pickup.minecraft.porkchop":2,"stat.crouchOneCm":1041,"stat.craftItem.minecraft.iron_ingot":20,"stat.craftItem.minecraft.chest":1,"stat.pickup.minecraft.dirt":2,"stat.useItem.minecraft.stone_slab2":6,"stat.useItem.pixelmon.ruby_pickaxe":95,"stat.craftingTableInteraction":4,"stat.pickup.minecraft.iron_ore":29,"stat.pickup.pixelmon.haban_berry":1,"stat.pickup.pixelmon.silicon_ore":5,"stat.craftItem.minecraft.furnace":1,"stat.boatOneCm":525873,"stat.pickup.pixelmon.ice_gem":4,"stat.pickup.minecraft.gold_ore":12,"stat.drop.minecraft.double_plant":1,"stat.damageTaken":334,"stat.craftItem.minecraft.stone_pickaxe":1,"stat.mineBlock.minecraft.furnace":1,"stat.mineBlock.minecraft.torch":1,"stat.pickup.minecraft.cobblestone":129,"stat.pickup.pixelmon.never_melt_ice":1,"stat.pickup.minecraft.reeds":10,"stat.flyOneCm":198263,"stat.pickup.minecraft.bed":4,"stat.pickup.minecraft.brown_mushroom":4,"stat.pickup.minecraft.wheat_seeds":2,"stat.pickup.minecraft.fish":67,"stat.mineBlock.minecraft.gravel":2,"stat.useItem.minecraft.stone_pickaxe":165,"stat.useItem.minecraft.cooked_beef":4,"stat.damageDealt":76,"stat.mineBlock.pixelmon.ruby_ore":4,"stat.mineBlock.minecraft.iron_ore":30,"stat.sleepInBed":1,"stat.pickup.pixelmon.blue_apricorn":1,"stat.timeSinceDeath":92066,"stat.mineBlock.minecraft.dirt":2,"stat.drop.pixelmon.old_rod":3,"stat.pickup.pixelmon.black_apricorn":1,"stat.pickup.minecraft.double_plant":1,"stat.walkOneCm":186056,"stat.useItem.minecraft.torch":21,"stat.mineBlock.pixelmon.crystal_ore":2,"stat.craftItem.pixelmon.ruby_pickaxe":1,"stat.useItem.pixelmon.black_apricorn":1,"stat.useItem.minecraft.cobblestone":47,"stat.furnaceInteraction":10,"stat.craftItem.minecraft.crafting_table":2,"stat.drop.minecraft.dirt":1,"stat.useItem.minecraft.cooked_porkchop":1,"stat.useItem.minecraft.spruce_boat":2,"stat.mineBlock.minecraft.coal_ore":45,"stat.pickup.minecraft.log":6,"stat.pickup.pixelmon.wiki_berry":4,"stat.pickup.pixelmon.green_apricorn":1,"stat.pickup.minecraft.furnace":1,"stat.pickup.pixelmon.red_apricorn":1,"stat.craftItem.minecraft.stone_slab2":0,"stat.pickup.minecraft.stone":18,"stat.pickup.pixelmon.shell_bell":2,"stat.useItem.pixelmon.blue_apricorn":2,"stat.sprintOneCm":166330,"stat.pickup.pixelmon.white_apricorn":2,"stat.craftItem.minecraft.stick":8,"stat.craftItem.minecraft.planks":24,"stat.mineBlock.minecraft.diamond_ore":6,"stat.useItem.pixelmon.red_apricorn":9,"stat.mineBlock.minecraft.log":6,"stat.pickup.pixelmon.water_gem":7,"stat.deaths":1,"stat.drop":9,"stat.pickup.minecraft.diamond":6,"stat.mineBlock.minecraft.leaves":8,"stat.playOneMinute":125594,"stat.pickup.minecraft.torch":30,"stat.sneakTime":510,"stat.pickup.minecraft.spruce_boat":2,"stat.pickup.pixelmon.leppa_berry":4,"stat.mineBlock.minecraft.stone":149,"stat.mineBlock.minecraft.gold_ore":12,"stat.mineBlock.minecraft.tallgrass":10,"stat.diveOneCm":18501}