{"stat.drop.minecraft.stone_pickaxe":2,"stat.pickup.pixelmon.good_rod":4,"stat.mineBlock.pixelmon.silicon_ore":5,"stat.craftItem.minecraft.sticky_piston":1,"stat.pickup.pixelmon.kasib_berry":2,"stat.leaveGame":5,"stat.mineBlock.minecraft.cobblestone":12,"stat.pickup.pixelmon.super_rod":2,"stat.pickup.minecraft.stone_pickaxe":1,"stat.pickup.pixelmon.ruby_shovel":1,"stat.pickup.pixelmon.old_rod":6,"stat.swimOneCm":53039,"stat.pickup.pixelmon.iron_base":1,"stat.climbOneCm":4599,"stat.pickup.minecraft.enchanted_book":1,"stat.pickup.pixelmon.ruby":4,"stat.pickup.pixelmon.mystic_water":1,"stat.pickup.minecraft.cooked_porkchop":1,"stat.pickup.minecraft.porkchop":2,"stat.pickup.pixelmon.crystal_hammer":1,"stat.useItem.minecraft.stone_slab2":13,"stat.useItem.pixelmon.ruby_pickaxe":109,"stat.pickup.pixelmon.haban_berry":1,"stat.craftItem.minecraft.furnace":1,"stat.craftItem.minecraft.stone_pickaxe":1,"stat.craftItem.pixelmon.mechanical_anvil":1,"stat.pickup.minecraft.cobblestone":134,"stat.flyOneCm":450326,"stat.useItem.minecraft.ender_pearl":1,"stat.pickup.minecraft.brown_mushroom":4,"stat.pickup.minecraft.fish":67,"stat.useItem.minecraft.cooked_beef":19,"stat.craftItem.pixelmon.great_ball_disc":2,"stat.mineBlock.pixelmon.ruby_ore":4,"stat.mineBlock.minecraft.iron_ore":30,"stat.timeSinceDeath":290514,"stat.pickup.minecraft.mossy_cobblestone":1,"stat.pickup.minecraft.double_plant":1,"stat.pickup.minecraft.ghast_tear":2,"stat.mineBlock.pixelmon.crystal_ore":2,"stat.craftItem.pixelmon.ruby_pickaxe":1,"stat.useItem.pixelmon.black_apricorn":11,"stat.furnaceInteraction":21,"stat.drop.minecraft.dirt":1,"stat.useItem.minecraft.cooked_porkchop":1,"stat.mineBlock.minecraft.coal_ore":45,"stat.pickup.pixelmon.green_apricorn":1,"stat.pickup.minecraft.furnace":1,"stat.pickup.pixelmon.red_apricorn":7,"stat.craftItem.minecraft.stone_slab2":0,"stat.useItem.pixelmon.blue_apricorn":8,"stat.sprintOneCm":396834,"stat.pickup.pixelmon.white_apricorn":2,"stat.craftItem.minecraft.stick":8,"stat.craftItem.pixelmon.old_running_boots":1,"stat.craftItem.minecraft.stone":8,"stat.mineBlock.minecraft.diamond_ore":6,"stat.useItem.minecraft.flint_and_steel":31,"stat.craftItem.pixelmon.poke_ball":6,"stat.useItem.pixelmon.red_apricorn":14,"stat.pickup.pixelmon.water_gem":7,"stat.deaths":1,"stat.drop":15,"stat.pickup.pixelmon.ruby_pickaxe":1,"stat.playOneMinute":324042,"stat.craftItem.pixelmon.cooked_red_apricorn":13,"stat.pickup.minecraft.stone_button":1,"stat.pickup.minecraft.slime_ball":1,"stat.pickup.minecraft.iron_bars":9,"stat.drop.minecraft.glass_bottle":1,"stat.drop.minecraft.torch":1,"stat.mineBlock.minecraft.gold_ore":12,"stat.mineBlock.minecraft.tallgrass":15,"stat.diveOneCm":39336,"stat.chestOpened":76,"stat.drop.pixelmon.good_rod":1,"stat.pickup.pixelmon.crystal":1,"stat.useItem.pixelmon.crystal_hammer":2,"stat.mineBlock.minecraft.mossy_cobblestone":1,"stat.craftItem.minecraft.piston":1,"stat.useItem.minecraft.fish":1,"stat.drop.minecraft.wooden_pickaxe":1,"stat.pickup.minecraft.gold_nugget":1,"stat.useItem.minecraft.potion":1,"stat.pickup.pixelmon.persim_berry":2,"stat.jump":2771,"stat.pickup.minecraft.coal":87,"stat.fallOneCm":68706,"stat.crouchOneCm":1045,"stat.craftItem.minecraft.iron_ingot":20,"stat.craftItem.minecraft.chest":1,"stat.pickup.minecraft.dirt":2,"stat.craftItem.pixelmon.new_running_boots":1,"stat.craftingTableInteraction":18,"stat.pickup.minecraft.iron_ore":29,"stat.pickup.pixelmon.silicon_ore":5,"stat.boatOneCm":1162918,"stat.pickup.pixelmon.ice_gem":4,"stat.pickup.minecraft.gold_ore":12,"stat.drop.minecraft.double_plant":1,"stat.damageTaken":1369,"stat.pickup.minecraft.leather":1,"stat.pickup.minecraft.feather":2,"stat.mineBlock.minecraft.furnace":1,"stat.mineBlock.minecraft.torch":8,"stat.pickup.pixelmon.never_melt_ice":1,"stat.pickup.minecraft.reeds":10,"stat.pickup.minecraft.bed":5,"stat.pickup.minecraft.wheat_seeds":3,"stat.craftItem.pixelmon.cooked_blue_apricorn":3,"stat.mineBlock.minecraft.gravel":2,"stat.useItem.minecraft.stone_pickaxe":165,"stat.mineBlock.minecraft.glass":2,"stat.damageDealt":543,"stat.sleepInBed":2,"stat.pickup.pixelmon.blue_apricorn":1,"stat.craftItem.pixelmon.great_ball":3,"stat.mineBlock.minecraft.dirt":2,"stat.drop.pixelmon.old_rod":3,"stat.pickup.pixelmon.black_apricorn":1,"stat.walkOneCm":650288,"stat.useItem.minecraft.torch":34,"stat.useItem.minecraft.cobblestone":54,"stat.craftItem.minecraft.crafting_table":3,"stat.craftItem.minecraft.leather_boots":1,"stat.useItem.minecraft.gravel":2,"stat.useItem.minecraft.spruce_boat":2,"stat.craftItem.minecraft.boat":3,"stat.pickup.minecraft.log":6,"stat.pickup.pixelmon.wiki_berry":4,"stat.craftItem.minecraft.stone_button":8,"stat.pickup.minecraft.stone":18,"stat.drop.minecraft.gold_nugget":2,"stat.pickup.pixelmon.shell_bell":2,"stat.pickup.minecraft.ender_pearl":1,"stat.craftItem.minecraft.planks":24,"stat.mineBlock.minecraft.log":6,"stat.pickup.pixelmon.great_ball_lid":1,"stat.useItem.minecraft.boat":3,"stat.drop.pixelmon.max_revive":1,"stat.pickup.minecraft.diamond":6,"stat.mineBlock.minecraft.leaves":8,"stat.pickup.minecraft.torch":36,"stat.sneakTime":578,"stat.pickup.minecraft.spruce_boat":2,"stat.pickup.pixelmon.great_ball":2,"stat.craftItem.pixelmon.poke_ball_disc":25,"stat.pickup.pixelmon.leppa_berry":4,"stat.mineBlock.minecraft.stone":150,"stat.drop.pixelmon.ruby_pickaxe":1}