{"stat.chestOpened":21,"stat.walkOneCm":72699,"stat.pickup.pixelmon.good_rod":4,"stat.pickup.pixelmon.kasib_berry":2,"stat.useItem.minecraft.fish":1,"stat.leaveGame":3,"stat.pickup.pixelmon.super_rod":2,"stat.furnaceInteraction":2,"stat.drop.minecraft.dirt":1,"stat.useItem.minecraft.cooked_porkchop":1,"stat.pickup.pixelmon.old_rod":5,"stat.pickup.minecraft.log":6,"stat.pickup.pixelmon.persim_berry":2,"stat.jump":556,"stat.swimOneCm":15240,"stat.pickup.pixelmon.wiki_berry":4,"stat.fallOneCm":12403,"stat.climbOneCm":2668,"stat.pickup.pixelmon.green_apricorn":1,"stat.pickup.pixelmon.mystic_water":1,"stat.pickup.minecraft.cooked_porkchop":1,"stat.pickup.minecraft.porkchop":2,"stat.crouchOneCm":50,"stat.pickup.pixelmon.shell_bell":2,"stat.pickup.minecraft.dirt":2,"stat.sprintOneCm":89956,"stat.useItem.minecraft.stone_slab2":1,"stat.pickup.pixelmon.white_apricorn":2,"stat.boatOneCm":250485,"stat.pickup.pixelmon.ice_gem":4,"stat.damageTaken":224,"stat.pickup.pixelmon.never_melt_ice":1,"stat.mineBlock.minecraft.log":6,"stat.pickup.minecraft.reeds":10,"stat.pickup.pixelmon.water_gem":7,"stat.flyOneCm":104512,"stat.pickup.minecraft.bed":4,"stat.deaths":1,"stat.pickup.minecraft.brown_mushroom":4,"stat.drop":4,"stat.mineBlock.minecraft.leaves":6,"stat.playOneMinute":51100,"stat.pickup.minecraft.fish":67,"stat.sneakTime":83,"stat.damageDealt":46,"stat.timeSinceDeath":17572,"stat.mineBlock.minecraft.dirt":2,"stat.pickup.pixelmon.leppa_berry":4,"stat.diveOneCm":8991,"stat.drop.pixelmon.old_rod":3}