{"stat.drop.minecraft.stone_pickaxe":2,"stat.pickup.pixelmon.good_rod":4,"stat.mineBlock.pixelmon.silicon_ore":5,"stat.pickup.pixelmon.kasib_berry":2,"stat.leaveGame":5,"stat.mineBlock.minecraft.cobblestone":6,"stat.pickup.pixelmon.super_rod":2,"stat.pickup.minecraft.stone_pickaxe":1,"stat.pickup.pixelmon.old_rod":6,"stat.swimOneCm":35364,"stat.climbOneCm":3637,"stat.pickup.pixelmon.ruby":4,"stat.pickup.pixelmon.mystic_water":1,"stat.pickup.minecraft.cooked_porkchop":1,"stat.pickup.minecraft.porkchop":2,"stat.pickup.pixelmon.crystal_hammer":1,"stat.useItem.minecraft.stone_slab2":11,"stat.useItem.pixelmon.ruby_pickaxe":96,"stat.pickup.pixelmon.haban_berry":1,"stat.craftItem.minecraft.furnace":1,"stat.craftItem.minecraft.stone_pickaxe":1,"stat.pickup.minecraft.cobblestone":130,"stat.flyOneCm":244228,"stat.useItem.minecraft.ender_pearl":1,"stat.pickup.minecraft.brown_mushroom":4,"stat.pickup.minecraft.fish":67,"stat.useItem.minecraft.cooked_beef":6,"stat.craftItem.pixelmon.great_ball_disc":2,"stat.mineBlock.pixelmon.ruby_ore":4,"stat.mineBlock.minecraft.iron_ore":30,"stat.timeSinceDeath":138414,"stat.pickup.minecraft.double_plant":1,"stat.pickup.minecraft.ghast_tear":2,"stat.mineBlock.pixelmon.crystal_ore":2,"stat.craftItem.pixelmon.ruby_pickaxe":1,"stat.useItem.pixelmon.black_apricorn":2,"stat.furnaceInteraction":16,"stat.drop.minecraft.dirt":1,"stat.useItem.minecraft.cooked_porkchop":1,"stat.mineBlock.minecraft.coal_ore":45,"stat.pickup.pixelmon.green_apricorn":1,"stat.pickup.minecraft.furnace":1,"stat.pickup.pixelmon.red_apricorn":1,"stat.craftItem.minecraft.stone_slab2":0,"stat.useItem.pixelmon.blue_apricorn":3,"stat.sprintOneCm":220512,"stat.pickup.pixelmon.white_apricorn":2,"stat.craftItem.minecraft.stick":8,"stat.craftItem.minecraft.stone":8,"stat.mineBlock.minecraft.diamond_ore":6,"stat.useItem.pixelmon.red_apricorn":14,"stat.pickup.pixelmon.water_gem":7,"stat.deaths":1,"stat.drop":10,"stat.playOneMinute":171942,"stat.craftItem.pixelmon.cooked_red_apricorn":4,"stat.drop.minecraft.glass_bottle":1,"stat.mineBlock.minecraft.gold_ore":12,"stat.mineBlock.minecraft.tallgrass":12,"stat.diveOneCm":18501,"stat.chestOpened":43,"stat.drop.pixelmon.good_rod":1,"stat.pickup.pixelmon.crystal":1,"stat.useItem.minecraft.fish":1,"stat.drop.minecraft.wooden_pickaxe":1,"stat.useItem.minecraft.potion":1,"stat.pickup.pixelmon.persim_berry":2,"stat.jump":1554,"stat.pickup.minecraft.coal":87,"stat.fallOneCm":36350,"stat.crouchOneCm":1045,"stat.craftItem.minecraft.iron_ingot":20,"stat.craftItem.minecraft.chest":1,"stat.pickup.minecraft.dirt":2,"stat.craftingTableInteraction":11,"stat.pickup.minecraft.iron_ore":29,"stat.pickup.pixelmon.silicon_ore":5,"stat.boatOneCm":663595,"stat.pickup.pixelmon.ice_gem":4,"stat.pickup.minecraft.gold_ore":12,"stat.drop.minecraft.double_plant":1,"stat.damageTaken":454,"stat.pickup.minecraft.leather":1,"stat.mineBlock.minecraft.furnace":1,"stat.mineBlock.minecraft.torch":7,"stat.pickup.pixelmon.never_melt_ice":1,"stat.pickup.minecraft.reeds":10,"stat.pickup.minecraft.bed":4,"stat.pickup.minecraft.wheat_seeds":2,"stat.craftItem.pixelmon.cooked_blue_apricorn":3,"stat.mineBlock.minecraft.gravel":2,"stat.useItem.minecraft.stone_pickaxe":165,"stat.damageDealt":76,"stat.sleepInBed":2,"stat.pickup.pixelmon.blue_apricorn":1,"stat.mineBlock.minecraft.dirt":2,"stat.drop.pixelmon.old_rod":3,"stat.pickup.pixelmon.black_apricorn":1,"stat.walkOneCm":276988,"stat.useItem.minecraft.torch":30,"stat.useItem.minecraft.cobblestone":54,"stat.craftItem.minecraft.crafting_table":3,"stat.useItem.minecraft.spruce_boat":2,"stat.craftItem.minecraft.boat":3,"stat.pickup.minecraft.log":6,"stat.pickup.pixelmon.wiki_berry":4,"stat.pickup.minecraft.stone":18,"stat.pickup.pixelmon.shell_bell":2,"stat.pickup.minecraft.ender_pearl":1,"stat.craftItem.minecraft.planks":24,"stat.mineBlock.minecraft.log":6,"stat.useItem.minecraft.boat":3,"stat.pickup.minecraft.diamond":6,"stat.mineBlock.minecraft.leaves":8,"stat.pickup.minecraft.torch":34,"stat.sneakTime":547,"stat.pickup.minecraft.spruce_boat":2,"stat.pickup.pixelmon.leppa_berry":4,"stat.mineBlock.minecraft.stone":149}