{"stat.chestOpened":24,"stat.drop.minecraft.stone_pickaxe":1,"stat.pickup.minecraft.double_plant":1,"stat.walkOneCm":112061,"stat.pickup.pixelmon.good_rod":4,"stat.pickup.pixelmon.kasib_berry":2,"stat.useItem.minecraft.fish":1,"stat.drop.minecraft.wooden_pickaxe":1,"stat.leaveGame":3,"stat.mineBlock.minecraft.cobblestone":2,"stat.pickup.pixelmon.super_rod":2,"stat.pickup.minecraft.stone_pickaxe":1,"stat.furnaceInteraction":4,"stat.drop.minecraft.dirt":1,"stat.useItem.minecraft.cooked_porkchop":1,"stat.useItem.minecraft.spruce_boat":2,"stat.pickup.pixelmon.old_rod":5,"stat.pickup.minecraft.log":6,"stat.pickup.pixelmon.persim_berry":2,"stat.jump":891,"stat.swimOneCm":19524,"stat.pickup.pixelmon.wiki_berry":4,"stat.fallOneCm":22800,"stat.climbOneCm":3261,"stat.pickup.pixelmon.green_apricorn":1,"stat.pickup.pixelmon.mystic_water":1,"stat.pickup.minecraft.cooked_porkchop":1,"stat.pickup.minecraft.porkchop":2,"stat.crouchOneCm":53,"stat.pickup.pixelmon.shell_bell":2,"stat.useItem.pixelmon.blue_apricorn":1,"stat.pickup.minecraft.dirt":2,"stat.sprintOneCm":136251,"stat.useItem.minecraft.stone_slab2":2,"stat.pickup.pixelmon.white_apricorn":2,"stat.pickup.pixelmon.haban_berry":1,"stat.boatOneCm":525873,"stat.pickup.pixelmon.ice_gem":4,"stat.drop.minecraft.double_plant":1,"stat.damageTaken":314,"stat.useItem.pixelmon.red_apricorn":1,"stat.pickup.minecraft.cobblestone":2,"stat.pickup.pixelmon.never_melt_ice":1,"stat.mineBlock.minecraft.log":6,"stat.pickup.minecraft.reeds":10,"stat.pickup.pixelmon.water_gem":7,"stat.flyOneCm":165760,"stat.pickup.minecraft.bed":4,"stat.deaths":1,"stat.pickup.minecraft.brown_mushroom":4,"stat.drop":7,"stat.mineBlock.minecraft.leaves":8,"stat.playOneMinute":88000,"stat.pickup.minecraft.fish":67,"stat.useItem.minecraft.stone_pickaxe":4,"stat.useItem.minecraft.cooked_beef":4,"stat.sneakTime":94,"stat.damageDealt":76,"stat.pickup.minecraft.spruce_boat":2,"stat.sleepInBed":1,"stat.timeSinceDeath":54472,"stat.mineBlock.minecraft.dirt":2,"stat.pickup.pixelmon.leppa_berry":4,"stat.diveOneCm":14868,"stat.drop.pixelmon.old_rod":3}