{"stat.chestOpened":16,"stat.walkOneCm":55271,"stat.pickup.pixelmon.good_rod":4,"stat.pickup.pixelmon.kasib_berry":2,"stat.leaveGame":3,"stat.pickup.pixelmon.super_rod":2,"stat.furnaceInteraction":1,"stat.drop.minecraft.dirt":1,"stat.useItem.minecraft.cooked_porkchop":1,"stat.pickup.pixelmon.old_rod":2,"stat.pickup.minecraft.log":6,"stat.jump":407,"stat.swimOneCm":8534,"stat.pickup.pixelmon.wiki_berry":4,"stat.fallOneCm":8943,"stat.climbOneCm":2166,"stat.pickup.pixelmon.green_apricorn":1,"stat.pickup.minecraft.cooked_porkchop":1,"stat.pickup.minecraft.porkchop":2,"stat.crouchOneCm":50,"stat.pickup.pixelmon.shell_bell":2,"stat.pickup.minecraft.dirt":2,"stat.sprintOneCm":70493,"stat.useItem.minecraft.stone_slab2":1,"stat.pickup.pixelmon.white_apricorn":2,"stat.boatOneCm":192096,"stat.pickup.pixelmon.ice_gem":4,"stat.damageTaken":224,"stat.pickup.pixelmon.never_melt_ice":1,"stat.mineBlock.minecraft.log":6,"stat.pickup.pixelmon.water_gem":7,"stat.flyOneCm":74342,"stat.pickup.minecraft.bed":4,"stat.deaths":1,"stat.pickup.minecraft.brown_mushroom":4,"stat.drop":1,"stat.mineBlock.minecraft.leaves":5,"stat.playOneMinute":38500,"stat.pickup.minecraft.fish":67,"stat.sneakTime":77,"stat.damageDealt":46,"stat.timeSinceDeath":4972,"stat.mineBlock.minecraft.dirt":2,"stat.pickup.pixelmon.leppa_berry":4,"stat.diveOneCm":8495}