{"stats":{"minecraft:custom":{"minecraft:jump":4,"minecraft:time_since_rest":5182,"minecraft:sprint_one_cm":329,"minecraft:leave_game":2,"minecraft:play_time":5182,"minecraft:time_since_death":5182,"minecraft:walk_one_cm":3445,"minecraft:total_world_time":5182,"minecraft:drop":2,"minecraft:fall_one_cm":1163,"minecraft:fly_one_cm":1154},"minecraft:dropped":{"minecraft:wheat_seeds":2},"minecraft:used":{"minecraft:dirt":1,"minecraft:coarse_dirt":3},"minecraft:picked_up":{"minecraft:coarse_dirt":3,"minecraft:wheat_seeds":2,"minecraft:dirt":1},"minecraft:mined":{"minecraft:coarse_dirt":3,"minecraft:dirt":1}},"DataVersion":3465}