{"stats":{"minecraft:picked_up":{"minecraft:oak_log":5},"minecraft:custom":{"minecraft:jump":13,"minecraft:time_since_rest":944,"minecraft:crouch_one_cm":580,"minecraft:sprint_one_cm":1903,"minecraft:play_time":944,"minecraft:damage_taken":20,"minecraft:time_since_death":944,"minecraft:walk_one_cm":166,"minecraft:sneak_time":232,"minecraft:total_world_time":944,"minecraft:fall_one_cm":404,"minecraft:fly_one_cm":2773},"minecraft:mined":{"minecraft:grass":1,"minecraft:oak_log":5}},"DataVersion":2975}