{"stat.pickup.pixelmon.good_rod":2,"stat.craftItem.pixelmon.ruby_shovel":1,"stat.leaveGame":5,"stat.pickup.pixelmon.blue_cushion_chair":16,"stat.useItem.pixelmon.blue_cushion_chair":13,"stat.pickup.pixelmon.fan":1,"stat.useItem.minecraft.planks":1,"stat.craftItem.minecraft.shield":1,"stat.pickup.pixelmon.burn_heal":1,"stat.pickup.minecraft.porkchop":13,"stat.drop.pixelmon.crystal_axe":1,"stat.useItem.minecraft.water_bucket":10,"stat.pickup.minecraft.sand":164,"stat.craftItem.minecraft.stone_axe":1,"stat.mineBlock.minecraft.sand":164,"stat.craftItem.pixelmon.great_ball_disc":2,"stat.craftItem.minecraft.cooked_fish":75,"stat.mineBlock.pixelmon.washing_machine":5,"stat.pickup.pixelmon.blue_umbrella":2,"stat.craftItem.minecraft.wooden_pickaxe":1,"stat.pickup.pixelmon.revive":3,"stat.useItem.pixelmon.blue_umbrella":1,"stat.furnaceInteraction":46,"stat.useItem.pixelmon.blue_water_float":1,"stat.pickup.pixelmon.potion":2,"stat.pickup.minecraft.furnace":10,"stat.useItem.pixelmon.ruby_shovel":65,"stat.useItem.pixelmon.red_apricorn":1,"stat.pickup.pixelmon.ice_heal":2,"stat.playOneMinute":213791,"stat.pickup.minecraft.birch_door":23,"stat.mineBlock.pixelmon.yellow_cushion_chair":4,"stat.mineBlock.minecraft.tallgrass":38,"stat.chestOpened":168,"stat.drop.pixelmon.good_rod":2,"stat.pickup.pixelmon.crystal":17,"stat.useItem.minecraft.stone":1,"stat.pickup.pixelmon.fridge":6,"stat.fallOneCm":45387,"stat.pickup.pixelmon.ultra_ball":9,"stat.mineBlock.pixelmon.bauxite_ore":4,"stat.craftItem.pixelmon.water_stone":4,"stat.crouchOneCm":32134,"stat.mineBlock.minecraft.chest":39,"stat.mineBlock.pixelmon.blue_cushion_chair":16,"stat.craftItem.minecraft.iron_ingot":3,"stat.craftingTableInteraction":34,"stat.craftItem.pixelmon.crystal_pickaxe":2,"stat.pickup.minecraft.feather":7,"stat.useItem.pixelmon.white_water_float":1,"stat.useItem.minecraft.furnace":2,"stat.useItem.minecraft.reeds":2,"stat.pickup.minecraft.dye":32,"stat.mineBlock.pixelmon.fan":1,"stat.pickup.minecraft.planks":16,"stat.pickup.pixelmon.blue_water_float":1,"stat.pickup.minecraft.wheat_seeds":6,"stat.useItem.minecraft.stone_pickaxe":59,"stat.mineBlock.minecraft.dirt":192,"stat.drop.pixelmon.old_rod":2,"stat.useItem.minecraft.torch":23,"stat.pickup.minecraft.crafting_table":7,"stat.useItem.minecraft.cobblestone":61,"stat.craftItem.minecraft.crafting_table":3,"stat.pickup.pixelmon.cyan_water_float":2,"stat.mineBlock.minecraft.double_plant":10,"stat.craftItem.minecraft.boat":1,"stat.pickup.pixelmon.box":2,"stat.pickup.minecraft.log":12,"stat.useItem.minecraft.cooked_fish":20,"stat.craftItem.minecraft.stone_button":7,"stat.craftItem.pixelmon.crystal_shovel":1,"stat.pickup.minecraft.chicken":5,"stat.useItem.pixelmon.box":1,"stat.craftItem.minecraft.bucket":1,"stat.craftItem.minecraft.planks":48,"stat.mineBlock.minecraft.log":12,"stat.sneakTime":7796,"stat.pickup.minecraft.wool":2,"stat.craftItem.pixelmon.poke_ball_disc":5,"stat.pickup.minecraft.chest":52,"stat.pickup.pixelmon.water_stone_boots":1,"stat.craftItem.pixelmon.crystal_hammer":1,"stat.mineBlock.pixelmon.silicon_ore":10,"stat.mineBlock.minecraft.cobblestone":1,"stat.pickup.minecraft.flower_pot":1,"stat.pickup.pixelmon.old_rod":12,"stat.useItem.pixelmon.crystal_axe":25,"stat.swimOneCm":49883,"stat.climbOneCm":14479,"stat.pickup.pixelmon.ruby":11,"stat.useItem.minecraft.dirt":28,"stat.useItem.minecraft.stone_slab2":89,"stat.craftItem.minecraft.furnace":2,"stat.mineBlock.pixelmon.water_stone_ore":36,"stat.useItem.pixelmon.crystal_pickaxe":507,"stat.craftItem.minecraft.spruce_boat":1,"stat.craftItem.pixelmon.water_stone_boots":1,"stat.useItem.pixelmon.crystal_shovel":300,"stat.craftItem.minecraft.stone_pickaxe":1,"stat.pickup.minecraft.cobblestone":242,"stat.flyOneCm":344984,"stat.pickup.pixelmon.bauxite_ore":4,"stat.pickup.minecraft.fish":18,"stat.drop.minecraft.wheat_seeds":2,"stat.useItem.pixelmon.white_apricorn":1,"stat.mineBlock.minecraft.iron_ore":95,"stat.mineBlock.pixelmon.ruby_ore":11,"stat.timeSinceDeath":213791,"stat.pickup.minecraft.mutton":4,"stat.mineBlock.pixelmon.mug_ball":1,"stat.pickup.pixelmon.washing_machine":6,"stat.mineBlock.pixelmon.crystal_ore":17,"stat.drop.minecraft.dirt":4,"stat.useItem.minecraft.cooked_porkchop":5,"stat.mineBlock.minecraft.coal_ore":73,"stat.pickup.minecraft.string":7,"stat.craftItem.pixelmon.anvil":1,"stat.craftItem.pixelmon.iron_disc":15,"stat.pickup.pixelmon.ether":5,"stat.pickup.pixelmon.green_apricorn":2,"stat.pickup.pixelmon.red_apricorn":2,"stat.craftItem.minecraft.stone_slab2":0,"stat.sprintOneCm":412137,"stat.craftItem.minecraft.stick":24,"stat.pickup.pixelmon.white_apricorn":2,"stat.useItem.pixelmon.cyan_water_float":2,"stat.craftItem.minecraft.stone":8,"stat.mineBlock.minecraft.crafting_table":7,"stat.craftItem.pixelmon.poke_ball":5,"stat.pickup.pixelmon.pp_up":1,"stat.useItem.minecraft.bucket":11,"stat.pickup.pixelmon.water_gem":1,"stat.mineBlock.minecraft.planks":15,"stat.drop":13,"stat.craftItem.pixelmon.cooked_red_apricorn":8,"stat.craftItem.pixelmon.crystal_axe":2,"stat.mineBlock.minecraft.gold_ore":14,"stat.diveOneCm":381049,"stat.mineBlock.pixelmon.blue_umbrella":2,"stat.useItem.pixelmon.crystal_hammer":1,"stat.craftItem.minecraft.cooked_porkchop":4,"stat.drop.minecraft.cooked_porkchop":1,"stat.jump":2095,"stat.useItem.minecraft.sand":132,"stat.pickup.minecraft.coal":73,"stat.useItem.minecraft.stone_axe":69,"stat.pickup.minecraft.spider_eye":2,"stat.craftItem.minecraft.torch":24,"stat.pickup.minecraft.dirt":221,"stat.pickup.minecraft.iron_ore":96,"stat.pickup.pixelmon.silicon_ore":17,"stat.boatOneCm":1067343,"stat.pickup.minecraft.gold_ore":14,"stat.mineBlock.minecraft.lapis_ore":5,"stat.useItem.pixelmon.yellow_cushion_chair":2,"stat.damageTaken":832,"stat.mineBlock.minecraft.furnace":8,"stat.useItem.minecraft.wooden_pickaxe":5,"stat.dispenserInspected":2,"stat.pickup.pixelmon.water_stone_shard":36,"stat.pickup.minecraft.reeds":5,"stat.pickup.minecraft.bed":1,"stat.pickup.pixelmon.pink_apricorn":3,"stat.craftItem.pixelmon.cooked_blue_apricorn":2,"stat.damageDealt":474,"stat.sleepInBed":4,"stat.craftItem.pixelmon.great_ball":2,"stat.pickup.minecraft.boat":3,"stat.walkOneCm":443502,"stat.playerKills":1,"stat.useItem.minecraft.chest":31,"stat.pickup.pixelmon.white_water_float":1,"stat.mineBlock.pixelmon.box":2,"stat.useItem.minecraft.spruce_boat":7,"stat.pickup.pixelmon.mug_ball":2,"stat.pickup.pixelmon.blue_rug":2,"stat.pickup.minecraft.stone":28,"stat.useItem.minecraft.boat":4,"stat.mineBlock.minecraft.leaves":5,"stat.useItem.pixelmon.fridge":1,"stat.pickup.minecraft.torch":2,"stat.pickup.minecraft.spruce_boat":7,"stat.drop.minecraft.stone_axe":1,"stat.pickup.pixelmon.yellow_cushion_chair":6,"stat.mineBlock.minecraft.stone":267}