{"stat.pickup.pixelmon.water_stone_boots":1,"stat.pickup.pixelmon.good_rod":2,"stat.mineBlock.pixelmon.silicon_ore":10,"stat.leaveGame":5,"stat.pickup.minecraft.flower_pot":1,"stat.pickup.pixelmon.old_rod":9,"stat.swimOneCm":29133,"stat.climbOneCm":11785,"stat.pickup.pixelmon.ruby":7,"stat.pickup.pixelmon.burn_heal":1,"stat.pickup.minecraft.porkchop":13,"stat.useItem.minecraft.dirt":13,"stat.useItem.minecraft.stone_slab2":54,"stat.pickup.minecraft.sand":1,"stat.craftItem.minecraft.furnace":1,"stat.mineBlock.pixelmon.water_stone_ore":36,"stat.useItem.pixelmon.crystal_pickaxe":245,"stat.craftItem.minecraft.stone_axe":1,"stat.craftItem.minecraft.spruce_boat":1,"stat.craftItem.pixelmon.water_stone_boots":1,"stat.useItem.pixelmon.crystal_shovel":14,"stat.craftItem.minecraft.stone_pickaxe":1,"stat.pickup.minecraft.cobblestone":160,"stat.flyOneCm":139041,"stat.pickup.pixelmon.bauxite_ore":3,"stat.mineBlock.minecraft.sand":1,"stat.pickup.minecraft.fish":3,"stat.drop.minecraft.wheat_seeds":2,"stat.craftItem.minecraft.cooked_fish":35,"stat.mineBlock.pixelmon.washing_machine":4,"stat.mineBlock.minecraft.iron_ore":24,"stat.mineBlock.pixelmon.ruby_ore":7,"stat.timeSinceDeath":104413,"stat.craftItem.minecraft.wooden_pickaxe":1,"stat.pickup.minecraft.mutton":4,"stat.mineBlock.pixelmon.mug_ball":1,"stat.pickup.pixelmon.washing_machine":5,"stat.pickup.pixelmon.revive":3,"stat.mineBlock.pixelmon.crystal_ore":12,"stat.furnaceInteraction":21,"stat.drop.minecraft.dirt":4,"stat.useItem.minecraft.cooked_porkchop":5,"stat.mineBlock.minecraft.coal_ore":12,"stat.pickup.pixelmon.potion":2,"stat.pickup.minecraft.string":7,"stat.pickup.pixelmon.ether":5,"stat.pickup.pixelmon.green_apricorn":2,"stat.pickup.minecraft.furnace":7,"stat.pickup.pixelmon.red_apricorn":2,"stat.craftItem.minecraft.stone_slab2":0,"stat.sprintOneCm":127875,"stat.craftItem.minecraft.stick":12,"stat.pickup.pixelmon.white_apricorn":2,"stat.mineBlock.minecraft.crafting_table":4,"stat.pickup.pixelmon.pp_up":1,"stat.pickup.pixelmon.ice_heal":2,"stat.pickup.pixelmon.water_gem":1,"stat.mineBlock.minecraft.planks":1,"stat.drop":11,"stat.playOneMinute":104413,"stat.pickup.minecraft.birch_door":23,"stat.mineBlock.pixelmon.yellow_cushion_chair":2,"stat.mineBlock.minecraft.gold_ore":14,"stat.mineBlock.minecraft.tallgrass":15,"stat.diveOneCm":361121,"stat.chestOpened":66,"stat.drop.pixelmon.good_rod":2,"stat.pickup.pixelmon.crystal":12,"stat.useItem.minecraft.stone":1,"stat.pickup.pixelmon.fridge":5,"stat.craftItem.minecraft.cooked_porkchop":4,"stat.drop.minecraft.cooked_porkchop":1,"stat.jump":895,"stat.pickup.minecraft.coal":12,"stat.fallOneCm":18263,"stat.mineBlock.pixelmon.bauxite_ore":3,"stat.useItem.minecraft.stone_axe":57,"stat.craftItem.pixelmon.water_stone":4,"stat.crouchOneCm":4888,"stat.mineBlock.minecraft.chest":24,"stat.pickup.minecraft.spider_eye":2,"stat.pickup.minecraft.dirt":30,"stat.craftingTableInteraction":14,"stat.pickup.minecraft.iron_ore":25,"stat.pickup.pixelmon.silicon_ore":17,"stat.boatOneCm":886780,"stat.pickup.minecraft.gold_ore":14,"stat.craftItem.pixelmon.crystal_pickaxe":1,"stat.useItem.pixelmon.yellow_cushion_chair":1,"stat.pickup.minecraft.feather":6,"stat.damageTaken":276,"stat.mineBlock.minecraft.furnace":5,"stat.useItem.minecraft.wooden_pickaxe":5,"stat.useItem.minecraft.furnace":2,"stat.dispenserInspected":1,"stat.pickup.pixelmon.water_stone_shard":36,"stat.pickup.minecraft.planks":1,"stat.pickup.minecraft.reeds":2,"stat.pickup.pixelmon.pink_apricorn":3,"stat.pickup.minecraft.wheat_seeds":5,"stat.useItem.minecraft.stone_pickaxe":59,"stat.damageDealt":190,"stat.sleepInBed":3,"stat.mineBlock.minecraft.dirt":26,"stat.drop.pixelmon.old_rod":2,"stat.pickup.minecraft.boat":3,"stat.walkOneCm":162205,"stat.playerKills":1,"stat.pickup.minecraft.crafting_table":4,"stat.useItem.minecraft.cobblestone":4,"stat.craftItem.minecraft.crafting_table":2,"stat.mineBlock.minecraft.double_plant":7,"stat.useItem.minecraft.spruce_boat":7,"stat.craftItem.minecraft.boat":1,"stat.pickup.pixelmon.mug_ball":2,"stat.pickup.minecraft.log":12,"stat.useItem.minecraft.cooked_fish":3,"stat.pickup.minecraft.stone":18,"stat.craftItem.pixelmon.crystal_shovel":1,"stat.pickup.minecraft.chicken":5,"stat.craftItem.minecraft.planks":48,"stat.mineBlock.minecraft.log":12,"stat.useItem.minecraft.boat":4,"stat.mineBlock.minecraft.leaves":5,"stat.pickup.minecraft.torch":1,"stat.sneakTime":2829,"stat.pickup.minecraft.wool":2,"stat.pickup.minecraft.spruce_boat":6,"stat.pickup.pixelmon.yellow_cushion_chair":4,"stat.mineBlock.minecraft.stone":175,"stat.pickup.minecraft.chest":37}