{"stats":{"minecraft:picked_up":{"minecraft:raw_iron":10,"minecraft:crafting_table":7,"minecraft:oak_door":5,"minecraft:oak_log":10,"minecraft:dirt":1,"minecraft:rotten_flesh":1,"minecraft:iron_ingot":4,"minecraft:coal":12,"minecraft:cobblestone":14,"minecraft:furnace":1},"minecraft:custom":{"minecraft:time_since_rest":14278,"minecraft:interact_with_furnace":7,"minecraft:sprint_one_cm":22978,"minecraft:damage_taken":60,"minecraft:walk_one_cm":24999,"minecraft:mob_kills":1,"minecraft:damage_dealt":201,"minecraft:swim_one_cm":61252,"minecraft:interact_with_crafting_table":8,"minecraft:fly_one_cm":23303,"minecraft:crouch_one_cm":4082,"minecraft:play_time":14278,"minecraft:sneak_time":2114,"minecraft:walk_under_water_one_cm":13533,"minecraft:jump":198,"minecraft:leave_game":1,"minecraft:time_since_death":14278,"minecraft:walk_on_water_one_cm":5006,"minecraft:total_world_time":14278,"minecraft:fall_one_cm":3090},"minecraft:used":{"minecraft:stone_pickaxe":34,"minecraft:wooden_pickaxe":3,"minecraft:rotten_flesh":1,"minecraft:oak_door":5,"minecraft:stone_axe":19,"minecraft:dirt":1,"minecraft:crafting_table":7,"minecraft:furnace":1,"minecraft:bucket":1},"minecraft:killed":{"minecraft:zombie":1},"minecraft:crafted":{"minecraft:oak_door":3,"minecraft:oak_planks":40,"minecraft:shield":1,"minecraft:crafting_table":1,"minecraft:stick":8,"minecraft:iron_pickaxe":1,"minecraft:iron_ingot":4,"minecraft:wooden_pickaxe":1,"minecraft:stone_pickaxe":1,"minecraft:furnace":1,"minecraft:bucket":1,"minecraft:stone_axe":1},"minecraft:mined":{"minecraft:furnace":1,"minecraft:oak_door":4,"minecraft:iron_ore":10,"minecraft:crafting_table":7,"minecraft:grass":1,"minecraft:oak_log":10,"minecraft:grass_block":1,"minecraft:coal_ore":12,"minecraft:stone":14,"minecraft:oak_leaves":3}},"DataVersion":2975}