{"stat.chestOpened":16,"stat.mineBlock.pixelmon.mug_ball":1,"stat.drop.pixelmon.good_rod":1,"stat.pickup.pixelmon.washing_machine":3,"stat.walkOneCm":48422,"stat.leaveGame":1,"stat.pickup.pixelmon.fridge":3,"stat.pickup.minecraft.crafting_table":2,"stat.craftItem.minecraft.cooked_porkchop":4,"stat.craftItem.minecraft.crafting_table":1,"stat.furnaceInteraction":10,"stat.drop.minecraft.dirt":4,"stat.mineBlock.minecraft.double_plant":7,"stat.useItem.minecraft.cooked_porkchop":2,"stat.useItem.minecraft.spruce_boat":3,"stat.pickup.pixelmon.mug_ball":1,"stat.pickup.pixelmon.old_rod":6,"stat.pickup.minecraft.log":6,"stat.drop.minecraft.cooked_porkchop":1,"stat.swimOneCm":10116,"stat.jump":406,"stat.fallOneCm":9465,"stat.climbOneCm":3383,"stat.pickup.minecraft.furnace":4,"stat.useItem.minecraft.stone_axe":16,"stat.craftItem.minecraft.stone_slab2":0,"stat.pickup.minecraft.porkchop":10,"stat.pickup.minecraft.chicken":2,"stat.crouchOneCm":1563,"stat.mineBlock.minecraft.chest":13,"stat.pickup.minecraft.dirt":14,"stat.useItem.minecraft.dirt":8,"stat.sprintOneCm":55565,"stat.useItem.minecraft.stone_slab2":13,"stat.craftItem.minecraft.stick":8,"stat.craftingTableInteraction":6,"stat.pickup.minecraft.sand":1,"stat.craftItem.minecraft.furnace":1,"stat.boatOneCm":214454,"stat.craftItem.minecraft.planks":24,"stat.craftItem.minecraft.stone_axe":1,"stat.craftItem.minecraft.spruce_boat":1,"stat.pickup.minecraft.feather":2,"stat.mineBlock.minecraft.crafting_table":2,"stat.damageTaken":10,"stat.craftItem.minecraft.stone_pickaxe":1,"stat.mineBlock.minecraft.furnace":4,"stat.useItem.minecraft.wooden_pickaxe":5,"stat.useItem.minecraft.furnace":1,"stat.pickup.minecraft.cobblestone":14,"stat.mineBlock.minecraft.log":6,"stat.pickup.minecraft.reeds":2,"stat.flyOneCm":76985,"stat.drop":10,"stat.pickup.minecraft.wheat_seeds":3,"stat.mineBlock.minecraft.leaves":3,"stat.mineBlock.minecraft.sand":1,"stat.playOneMinute":34273,"stat.drop.minecraft.wheat_seeds":2,"stat.useItem.minecraft.stone_pickaxe":22,"stat.sneakTime":433,"stat.pickup.minecraft.wool":1,"stat.damageDealt":68,"stat.mineBlock.pixelmon.washing_machine":3,"stat.pickup.minecraft.spruce_boat":3,"stat.sleepInBed":1,"stat.mineBlock.pixelmon.yellow_cushion_chair":2,"stat.timeSinceDeath":34273,"stat.pickup.pixelmon.yellow_cushion_chair":2,"stat.mineBlock.minecraft.dirt":10,"stat.craftItem.minecraft.wooden_pickaxe":1,"stat.mineBlock.minecraft.stone":14,"stat.mineBlock.minecraft.tallgrass":11,"stat.diveOneCm":11782,"stat.pickup.minecraft.mutton":2,"stat.pickup.minecraft.chest":13,"stat.drop.pixelmon.old_rod":2}