{"stat.pickup.pixelmon.water_stone_boots":1,"stat.pickup.pixelmon.good_rod":2,"stat.mineBlock.pixelmon.silicon_ore":10,"stat.leaveGame":5,"stat.pickup.minecraft.flower_pot":1,"stat.pickup.pixelmon.old_rod":9,"stat.swimOneCm":42902,"stat.climbOneCm":11785,"stat.useItem.minecraft.planks":1,"stat.pickup.pixelmon.ruby":11,"stat.pickup.pixelmon.burn_heal":1,"stat.pickup.minecraft.porkchop":13,"stat.useItem.minecraft.dirt":21,"stat.drop.pixelmon.crystal_axe":1,"stat.useItem.minecraft.stone_slab2":69,"stat.useItem.minecraft.water_bucket":5,"stat.pickup.minecraft.sand":164,"stat.craftItem.minecraft.furnace":2,"stat.mineBlock.pixelmon.water_stone_ore":36,"stat.useItem.pixelmon.crystal_pickaxe":465,"stat.craftItem.minecraft.stone_axe":1,"stat.craftItem.minecraft.spruce_boat":1,"stat.craftItem.pixelmon.water_stone_boots":1,"stat.useItem.pixelmon.crystal_shovel":177,"stat.craftItem.minecraft.stone_pickaxe":1,"stat.pickup.minecraft.cobblestone":222,"stat.flyOneCm":172551,"stat.pickup.pixelmon.bauxite_ore":4,"stat.mineBlock.minecraft.sand":164,"stat.pickup.minecraft.fish":3,"stat.drop.minecraft.wheat_seeds":2,"stat.craftItem.minecraft.cooked_fish":35,"stat.useItem.pixelmon.white_apricorn":1,"stat.mineBlock.pixelmon.washing_machine":4,"stat.mineBlock.minecraft.iron_ore":95,"stat.mineBlock.pixelmon.ruby_ore":11,"stat.timeSinceDeath":129613,"stat.craftItem.minecraft.wooden_pickaxe":1,"stat.pickup.minecraft.mutton":4,"stat.mineBlock.pixelmon.mug_ball":1,"stat.pickup.pixelmon.washing_machine":5,"stat.pickup.pixelmon.revive":3,"stat.mineBlock.pixelmon.crystal_ore":17,"stat.furnaceInteraction":31,"stat.drop.minecraft.dirt":4,"stat.useItem.minecraft.cooked_porkchop":5,"stat.mineBlock.minecraft.coal_ore":73,"stat.pickup.pixelmon.potion":2,"stat.pickup.minecraft.string":7,"stat.pickup.pixelmon.ether":5,"stat.pickup.pixelmon.green_apricorn":2,"stat.pickup.minecraft.furnace":8,"stat.pickup.pixelmon.red_apricorn":2,"stat.craftItem.minecraft.stone_slab2":0,"stat.sprintOneCm":178129,"stat.craftItem.minecraft.stick":20,"stat.pickup.pixelmon.white_apricorn":2,"stat.mineBlock.minecraft.crafting_table":6,"stat.pickup.pixelmon.pp_up":1,"stat.pickup.pixelmon.ice_heal":2,"stat.useItem.minecraft.bucket":6,"stat.pickup.pixelmon.water_gem":1,"stat.mineBlock.minecraft.planks":7,"stat.drop":13,"stat.playOneMinute":129613,"stat.pickup.minecraft.birch_door":23,"stat.mineBlock.pixelmon.yellow_cushion_chair":2,"stat.craftItem.pixelmon.crystal_axe":1,"stat.mineBlock.minecraft.gold_ore":14,"stat.mineBlock.minecraft.tallgrass":19,"stat.diveOneCm":375316,"stat.chestOpened":67,"stat.drop.pixelmon.good_rod":2,"stat.pickup.pixelmon.crystal":17,"stat.useItem.minecraft.stone":1,"stat.pickup.pixelmon.fridge":5,"stat.craftItem.minecraft.cooked_porkchop":4,"stat.drop.minecraft.cooked_porkchop":1,"stat.jump":1222,"stat.useItem.minecraft.sand":132,"stat.pickup.minecraft.coal":73,"stat.fallOneCm":25490,"stat.pickup.pixelmon.ultra_ball":9,"stat.mineBlock.pixelmon.bauxite_ore":4,"stat.useItem.minecraft.stone_axe":69,"stat.craftItem.pixelmon.water_stone":4,"stat.crouchOneCm":23065,"stat.mineBlock.minecraft.chest":26,"stat.pickup.minecraft.spider_eye":2,"stat.craftItem.minecraft.torch":24,"stat.craftItem.minecraft.iron_ingot":3,"stat.pickup.minecraft.dirt":30,"stat.craftingTableInteraction":19,"stat.pickup.minecraft.iron_ore":96,"stat.pickup.pixelmon.silicon_ore":17,"stat.boatOneCm":886780,"stat.pickup.minecraft.gold_ore":14,"stat.mineBlock.minecraft.lapis_ore":5,"stat.craftItem.pixelmon.crystal_pickaxe":2,"stat.useItem.pixelmon.yellow_cushion_chair":1,"stat.pickup.minecraft.feather":6,"stat.damageTaken":504,"stat.mineBlock.minecraft.furnace":6,"stat.useItem.minecraft.wooden_pickaxe":5,"stat.useItem.minecraft.furnace":2,"stat.dispenserInspected":1,"stat.pickup.pixelmon.water_stone_shard":36,"stat.pickup.minecraft.dye":32,"stat.pickup.minecraft.planks":6,"stat.pickup.minecraft.reeds":2,"stat.pickup.pixelmon.pink_apricorn":3,"stat.pickup.minecraft.wheat_seeds":5,"stat.useItem.minecraft.stone_pickaxe":59,"stat.damageDealt":290,"stat.sleepInBed":3,"stat.mineBlock.minecraft.dirt":26,"stat.drop.pixelmon.old_rod":2,"stat.pickup.minecraft.boat":3,"stat.walkOneCm":249743,"stat.useItem.minecraft.torch":19,"stat.playerKills":1,"stat.useItem.minecraft.chest":23,"stat.pickup.minecraft.crafting_table":6,"stat.useItem.minecraft.cobblestone":49,"stat.craftItem.minecraft.crafting_table":3,"stat.mineBlock.minecraft.double_plant":7,"stat.useItem.minecraft.spruce_boat":7,"stat.craftItem.minecraft.boat":1,"stat.pickup.pixelmon.mug_ball":2,"stat.pickup.minecraft.log":12,"stat.useItem.minecraft.cooked_fish":8,"stat.pickup.minecraft.stone":28,"stat.craftItem.pixelmon.crystal_shovel":1,"stat.pickup.minecraft.chicken":5,"stat.craftItem.minecraft.bucket":1,"stat.craftItem.minecraft.planks":48,"stat.mineBlock.minecraft.log":12,"stat.useItem.minecraft.boat":4,"stat.mineBlock.minecraft.leaves":5,"stat.pickup.minecraft.torch":2,"stat.sneakTime":6438,"stat.pickup.minecraft.wool":2,"stat.pickup.minecraft.spruce_boat":6,"stat.drop.minecraft.stone_axe":1,"stat.pickup.pixelmon.yellow_cushion_chair":4,"stat.mineBlock.minecraft.stone":248,"stat.pickup.minecraft.chest":39}