{"stat.pickup.pixelmon.good_rod":1,"stat.mineBlock.pixelmon.silicon_ore":7,"stat.leaveGame":4,"stat.pickup.pixelmon.old_rod":6,"stat.swimOneCm":22600,"stat.climbOneCm":9374,"stat.pickup.minecraft.porkchop":10,"stat.useItem.minecraft.dirt":8,"stat.useItem.minecraft.stone_slab2":22,"stat.pickup.minecraft.sand":1,"stat.craftItem.minecraft.furnace":1,"stat.mineBlock.pixelmon.water_stone_ore":18,"stat.useItem.pixelmon.crystal_pickaxe":9,"stat.craftItem.minecraft.stone_axe":1,"stat.craftItem.minecraft.spruce_boat":1,"stat.craftItem.minecraft.stone_pickaxe":1,"stat.pickup.minecraft.cobblestone":17,"stat.flyOneCm":112260,"stat.mineBlock.minecraft.sand":1,"stat.drop.minecraft.wheat_seeds":2,"stat.mineBlock.pixelmon.washing_machine":3,"stat.mineBlock.minecraft.iron_ore":1,"stat.timeSinceDeath":68037,"stat.craftItem.minecraft.wooden_pickaxe":1,"stat.pickup.minecraft.mutton":2,"stat.mineBlock.pixelmon.mug_ball":1,"stat.pickup.pixelmon.washing_machine":3,"stat.mineBlock.pixelmon.crystal_ore":5,"stat.furnaceInteraction":10,"stat.drop.minecraft.dirt":4,"stat.useItem.minecraft.cooked_porkchop":5,"stat.mineBlock.minecraft.coal_ore":10,"stat.pickup.minecraft.furnace":5,"stat.craftItem.minecraft.stone_slab2":0,"stat.sprintOneCm":90283,"stat.craftItem.minecraft.stick":8,"stat.mineBlock.minecraft.crafting_table":3,"stat.mineBlock.minecraft.planks":1,"stat.drop":11,"stat.playOneMinute":68037,"stat.pickup.minecraft.birch_door":5,"stat.mineBlock.pixelmon.yellow_cushion_chair":2,"stat.mineBlock.minecraft.tallgrass":13,"stat.diveOneCm":266687,"stat.chestOpened":44,"stat.drop.pixelmon.good_rod":2,"stat.pickup.pixelmon.crystal":5,"stat.pickup.pixelmon.fridge":3,"stat.craftItem.minecraft.cooked_porkchop":4,"stat.drop.minecraft.cooked_porkchop":1,"stat.jump":648,"stat.pickup.minecraft.coal":10,"stat.fallOneCm":14644,"stat.useItem.minecraft.stone_axe":29,"stat.crouchOneCm":1606,"stat.mineBlock.minecraft.chest":13,"stat.pickup.minecraft.dirt":14,"stat.craftingTableInteraction":9,"stat.pickup.minecraft.iron_ore":1,"stat.pickup.pixelmon.silicon_ore":7,"stat.boatOneCm":532841,"stat.craftItem.pixelmon.crystal_pickaxe":1,"stat.pickup.minecraft.feather":2,"stat.damageTaken":266,"stat.mineBlock.minecraft.furnace":5,"stat.useItem.minecraft.wooden_pickaxe":5,"stat.useItem.minecraft.furnace":1,"stat.dispenserInspected":1,"stat.pickup.pixelmon.water_stone_shard":18,"stat.pickup.minecraft.planks":1,"stat.pickup.minecraft.reeds":2,"stat.pickup.minecraft.wheat_seeds":3,"stat.useItem.minecraft.stone_pickaxe":59,"stat.damageDealt":190,"stat.sleepInBed":3,"stat.mineBlock.minecraft.dirt":10,"stat.drop.pixelmon.old_rod":2,"stat.walkOneCm":87692,"stat.playerKills":1,"stat.pickup.minecraft.crafting_table":3,"stat.craftItem.minecraft.crafting_table":2,"stat.mineBlock.minecraft.double_plant":7,"stat.useItem.minecraft.spruce_boat":7,"stat.craftItem.minecraft.boat":1,"stat.pickup.pixelmon.mug_ball":1,"stat.pickup.minecraft.log":12,"stat.pickup.minecraft.stone":1,"stat.pickup.minecraft.chicken":2,"stat.craftItem.minecraft.planks":48,"stat.mineBlock.minecraft.log":12,"stat.useItem.minecraft.boat":1,"stat.mineBlock.minecraft.leaves":5,"stat.sneakTime":1364,"stat.pickup.minecraft.wool":1,"stat.pickup.minecraft.spruce_boat":6,"stat.pickup.pixelmon.yellow_cushion_chair":2,"stat.mineBlock.minecraft.stone":18,"stat.pickup.minecraft.chest":13}