{"stat.chestOpened":26,"stat.pickup.pixelmon.crystal":1,"stat.walkOneCm":70795,"stat.pickup.pixelmon.water_stone_boots":1,"stat.useItem.minecraft.bread":2,"stat.mineBlock.pixelmon.crystal_ore":1,"stat.mineBlock.pixelmon.mug_pika":1,"stat.pickup.pixelmon.pecha_berry":1,"stat.pickup.minecraft.crafting_table":5,"stat.useItem.minecraft.log":1,"stat.pickup.pixelmon.super_rod":1,"stat.craftItem.minecraft.crafting_table":1,"stat.furnaceInteraction":9,"stat.useItem.minecraft.spruce_boat":2,"stat.mineBlock.minecraft.coal_ore":14,"stat.pickup.minecraft.log":13,"stat.pickup.pixelmon.fan":2,"stat.pickup.pixelmon.jaboca_berry":2,"stat.swimOneCm":8942,"stat.jump":501,"stat.pickup.minecraft.coal":14,"stat.useItem.minecraft.planks":10,"stat.climbOneCm":4232,"stat.fallOneCm":10343,"stat.craftItem.minecraft.stone_slab2":0,"stat.craftItem.minecraft.bread":2,"stat.pickup.minecraft.stone":2,"stat.crouchOneCm":9561,"stat.craftItem.minecraft.iron_ingot":9,"stat.sprintOneCm":53237,"stat.useItem.minecraft.stone_slab2":15,"stat.craftItem.minecraft.stick":12,"stat.craftItem.minecraft.wooden_axe":1,"stat.craftingTableInteraction":9,"stat.pickup.minecraft.iron_ore":9,"stat.craftItem.minecraft.furnace":1,"stat.boatOneCm":183496,"stat.pickup.pixelmon.tv2":1,"stat.craftItem.minecraft.planks":44,"stat.craftItem.minecraft.spruce_boat":2,"stat.useItem.minecraft.wheat_seeds":7,"stat.mineBlock.minecraft.crafting_table":5,"stat.damageTaken":140,"stat.craftItem.minecraft.stone_pickaxe":1,"stat.dispenserInspected":1,"stat.useItem.minecraft.wooden_pickaxe":18,"stat.pickup.minecraft.cobblestone":25,"stat.craftItem.minecraft.wooden_sword":1,"stat.mineBlock.minecraft.log":13,"stat.mineBlock.pixelmon.fan":2,"stat.pickup.minecraft.planks":8,"stat.flyOneCm":57400,"stat.pickup.minecraft.bed":1,"stat.pickup.minecraft.wheat_seeds":12,"stat.mineBlock.minecraft.leaves":1,"stat.pickup.pixelmon.pomeg_berry":1,"stat.playOneMinute":38807,"stat.pickup.minecraft.fish":20,"stat.useItem.minecraft.wooden_sword":2,"stat.useItem.minecraft.stone_pickaxe":32,"stat.sneakTime":3990,"stat.craftItem.minecraft.iron_pickaxe":1,"stat.craftItem.minecraft.cooked_fish":17,"stat.pickup.pixelmon.mug_base":1,"stat.mineBlock.pixelmon.mug_base":1,"stat.mineBlock.pixelmon.tv2":1,"stat.mineBlock.minecraft.iron_ore":9,"stat.timeSinceDeath":38807,"stat.useItem.minecraft.wooden_axe":14,"stat.useItem.minecraft.iron_pickaxe":5,"stat.craftItem.minecraft.wooden_pickaxe":1,"stat.mineBlock.minecraft.stone":26,"stat.mineBlock.minecraft.tallgrass":1,"stat.diveOneCm":17415,"stat.pickup.minecraft.wheat":7}