{"stat.chestOpened":77,"stat.pickup.pixelmon.crystal":1,"stat.pickup.pixelmon.water_stone_boots":1,"stat.leaveGame":2,"stat.pickup.pixelmon.crystal_axe":1,"stat.pickup.pixelmon.super_rod":1,"stat.pickup.minecraft.stone_axe":1,"stat.useItem.pixelmon.crystal_axe":12,"stat.pickup.pixelmon.fan":4,"stat.pickup.pixelmon.jaboca_berry":2,"stat.swimOneCm":11068,"stat.jump":1055,"stat.pickup.minecraft.coal":58,"stat.useItem.minecraft.planks":10,"stat.climbOneCm":4232,"stat.fallOneCm":24753,"stat.pickup.minecraft.iron_ingot":92,"stat.craftItem.minecraft.bread":2,"stat.crouchOneCm":14351,"stat.craftItem.minecraft.iron_ingot":9,"stat.useItem.minecraft.stone_slab2":22,"stat.useItem.minecraft.water_bucket":9,"stat.craftingTableInteraction":15,"stat.pickup.minecraft.iron_ore":9,"stat.craftItem.minecraft.furnace":1,"stat.boatOneCm":183496,"stat.craftItem.minecraft.spruce_boat":2,"stat.damageTaken":464,"stat.craftItem.minecraft.stone_pickaxe":1,"stat.mineBlock.minecraft.furnace":2,"stat.dispenserInspected":1,"stat.useItem.minecraft.wooden_pickaxe":18,"stat.useItem.minecraft.furnace":1,"stat.pickup.minecraft.cobblestone":87,"stat.craftItem.minecraft.wooden_sword":1,"stat.mineBlock.pixelmon.fan":4,"stat.pickup.minecraft.planks":21,"stat.flyOneCm":131392,"stat.pickup.minecraft.bed":1,"stat.pickup.minecraft.wheat_seeds":14,"stat.pickup.pixelmon.pomeg_berry":1,"stat.pickup.minecraft.fish":20,"stat.useItem.minecraft.stone_pickaxe":32,"stat.craftItem.minecraft.cooked_fish":17,"stat.pickup.pixelmon.mug_base":1,"stat.damageDealt":346,"stat.mineBlock.pixelmon.mug_base":1,"stat.mineBlock.pixelmon.tv2":2,"stat.mineBlock.minecraft.iron_ore":9,"stat.sleepInBed":1,"stat.timeSinceDeath":74230,"stat.useItem.minecraft.iron_pickaxe":12,"stat.craftItem.minecraft.wooden_pickaxe":1,"stat.pickup.minecraft.boat":1,"stat.walkOneCm":143658,"stat.useItem.minecraft.bread":2,"stat.mineBlock.pixelmon.crystal_ore":1,"stat.mineBlock.pixelmon.mug_pika":1,"stat.pickup.pixelmon.pecha_berry":1,"stat.craftItem.minecraft.stone_stairs":8,"stat.pickup.minecraft.crafting_table":6,"stat.useItem.minecraft.log":1,"stat.craftItem.minecraft.crafting_table":1,"stat.furnaceInteraction":15,"stat.mineBlock.pixelmon.box":2,"stat.useItem.minecraft.spruce_boat":2,"stat.mineBlock.minecraft.coal_ore":14,"stat.pickup.pixelmon.box":2,"stat.pickup.minecraft.log":13,"stat.useItem.minecraft.cooked_fish":7,"stat.pickup.minecraft.furnace":2,"stat.craftItem.minecraft.stone_slab2":0,"stat.pickup.minecraft.stone":2,"stat.sprintOneCm":93567,"stat.useItem.minecraft.stone_stairs":7,"stat.craftItem.minecraft.stick":12,"stat.craftItem.minecraft.wooden_axe":1,"stat.useItem.pixelmon.box":1,"stat.pickup.pixelmon.tv2":2,"stat.craftItem.minecraft.bucket":1,"stat.craftItem.minecraft.planks":44,"stat.useItem.minecraft.wheat_seeds":7,"stat.mineBlock.minecraft.crafting_table":6,"stat.mineBlock.minecraft.log":13,"stat.useItem.minecraft.bucket":10,"stat.mineBlock.minecraft.planks":10,"stat.mineBlock.minecraft.leaves":1,"stat.playOneMinute":74230,"stat.useItem.minecraft.wooden_sword":17,"stat.sneakTime":6272,"stat.craftItem.minecraft.iron_pickaxe":1,"stat.useItem.minecraft.wooden_axe":14,"stat.mineBlock.minecraft.stone":26,"stat.mineBlock.minecraft.tallgrass":1,"stat.diveOneCm":17918,"stat.pickup.minecraft.wheat":7}