{
  "minecraft:husbandry/root": {
    "criteria": {
      "consumed_item": "2024-11-05 22:33:52 +0000"
    },
    "done": true
  },
  "minecraft:recipes/transportation/dark_oak_boat": {
    "criteria": {
      "entered_water": "2024-11-05 22:31:24 +0000"
    },
    "done": true
  },
  "minecraft:recipes/decorations/chest": {
    "criteria": {
      "has_lots_of_items": "2024-11-05 22:36:57 +0000"
    },
    "done": true
  },
  "minecraft:recipes/transportation/birch_boat": {
    "criteria": {
      "entered_water": "2024-11-05 22:31:24 +0000"
    },
    "done": true
  },
  "pixelmon:recipes/lures/lure_type_weak": {
    "criteria": {
      "has_leppa": "2024-11-05 22:30:10 +0000"
    },
    "done": false
  },
  "minecraft:recipes/transportation/acacia_boat": {
    "criteria": {
      "entered_water": "2024-11-05 22:31:24 +0000"
    },
    "done": true
  },
  "minecraft:husbandry/balanced_diet": {
    "criteria": {
      "cooked_porkchop": "2024-11-05 22:33:52 +0000"
    },
    "done": false
  },
  "minecraft:recipes/transportation/boat": {
    "criteria": {
      "entered_water": "2024-11-05 22:31:24 +0000"
    },
    "done": true
  },
  "minecraft:recipes/transportation/jungle_boat": {
    "criteria": {
      "entered_water": "2024-11-05 22:31:24 +0000"
    },
    "done": true
  },
  "pixelmon:pokedex/pokedex_trigger": {
    "criteria": {
      "pokedex_base": "2024-11-05 22:11:52 +0000"
    },
    "done": true
  },
  "minecraft:recipes/misc/bowl": {
    "criteria": {
      "has_brown_mushroom": "2024-11-05 22:27:51 +0000"
    },
    "done": true
  },
  "minecraft:recipes/transportation/spruce_boat": {
    "criteria": {
      "entered_water": "2024-11-05 22:31:24 +0000"
    },
    "done": true
  },
  "minecraft:adventure/adventuring_time": {
    "criteria": {
      "forest": "2024-11-05 22:36:01 +0000",
      "deep_ocean": "2024-11-05 22:40:12 +0000",
      "beaches": "2024-11-05 22:35:40 +0000",
      "plains": "2024-11-05 22:32:12 +0000",
      "taiga": "2024-11-05 22:29:48 +0000",
      "taiga_hills": "2024-11-05 22:11:45 +0000",
      "ocean": "2024-11-05 22:35:50 +0000",
      "extreme_hills": "2024-11-05 22:44:04 +0000",
      "river": "2024-11-05 22:31:27 +0000",
      "stone_beach": "2024-11-05 22:45:31 +0000"
    },
    "done": false
  }
}