{
  "minecraft:recipes/misc/charcoal": {
    "criteria": {
      "has_log": "2024-11-15 04:24:37 +0000"
    },
    "done": true
  },
  "minecraft:recipes/building_blocks/oak_planks": {
    "criteria": {
      "has_logs": "2024-11-15 04:24:37 +0000"
    },
    "done": true
  },
  "minecraft:recipes/building_blocks/oak_wood": {
    "criteria": {
      "has_log": "2024-11-15 04:24:37 +0000"
    },
    "done": true
  },
  "minecraft:adventure/adventuring_time": {
    "criteria": {
      "minecraft:windswept_hills": "2024-11-15 04:24:18 +0000",
      "minecraft:forest": "2024-11-15 04:24:33 +0000"
    },
    "done": false
  },
  "DataVersion": 2975
}