{
  "minecraft:recipes/tools/fishing_rod": {
    "criteria": {
      "has_string": "2024-11-05 22:51:12 +0000"
    },
    "done": true
  },
  "minecraft:recipes/building_blocks/purple_wool": {
    "criteria": {
      "has_white_wool": "2024-11-05 22:29:41 +0000"
    },
    "done": true
  },
  "minecraft:recipes/tools/wooden_axe": {
    "criteria": {
      "has_stick": "2024-11-05 22:30:46 +0000"
    },
    "done": true
  },
  "minecraft:recipes/building_blocks/lime_wool": {
    "criteria": {
      "has_white_wool": "2024-11-05 22:29:41 +0000"
    },
    "done": true
  },
  "minecraft:recipes/redstone/lever": {
    "criteria": {
      "has_cobblestone": "2024-11-05 22:31:54 +0000"
    },
    "done": true
  },
  "minecraft:recipes/building_blocks/magenta_concrete_powder": {
    "criteria": {
      "has_sand": "2024-11-05 22:27:35 +0000"
    },
    "done": true
  },
  "minecraft:recipes/misc/paper": {
    "criteria": {
      "has_reeds": "2024-11-05 22:23:58 +0000"
    },
    "done": true
  },
  "pixelmon:recipes/decorative/pink_rug": {
    "criteria": {
      "has_wool": "2024-11-05 22:29:41 +0000"
    },
    "done": true
  },
  "minecraft:recipes/building_blocks/black_wool": {
    "criteria": {
      "has_white_wool": "2024-11-05 22:29:41 +0000"
    },
    "done": true
  },
  "minecraft:recipes/redstone/spruce_door": {
    "criteria": {
      "has_planks": "2024-11-05 22:30:39 +0000"
    },
    "done": true
  },
  "pixelmon:recipes/decorative/pink_umbrella": {
    "criteria": {
      "has_wool": "2024-11-05 22:29:41 +0000"
    },
    "done": true
  },
  "minecraft:recipes/decorations/white_bed": {
    "criteria": {
      "has_white_wool": "2024-11-05 22:29:41 +0000"
    },
    "done": true
  },
  "minecraft:recipes/building_blocks/green_wool": {
    "criteria": {
      "has_white_wool": "2024-11-05 22:29:41 +0000"
    },
    "done": true
  },
  "minecraft:recipes/building_blocks/lime_concrete_powder": {
    "criteria": {
      "has_sand": "2024-11-05 22:27:35 +0000"
    },
    "done": true
  },
  "minecraft:recipes/redstone/spruce_fence_gate": {
    "criteria": {
      "has_planks": "2024-11-05 22:30:39 +0000"
    },
    "done": true
  },
  "minecraft:recipes/building_blocks/yellow_concrete_powder": {
    "criteria": {
      "has_sand": "2024-11-05 22:27:35 +0000"
    },
    "done": true
  },
  "pixelmon:recipes/decorative/blue_umbrella": {
    "criteria": {
      "has_wool": "2024-11-05 22:29:41 +0000"
    },
    "done": true
  },
  "pixelmon:recipes/decorative/white_rug": {
    "criteria": {
      "has_wool": "2024-11-05 22:29:41 +0000"
    },
    "done": true
  },
  "minecraft:recipes/building_blocks/brown_wool": {
    "criteria": {
      "has_white_wool": "2024-11-05 22:29:41 +0000"
    },
    "done": true
  },
  "pixelmon:recipes/decorative/black_cushion_chair": {
    "criteria": {
      "has_wool": "2024-11-05 22:29:41 +0000"
    },
    "done": true
  },
  "minecraft:recipes/decorations/crafting_table": {
    "criteria": {
      "has_planks": "2024-11-05 22:30:39 +0000"
    },
    "done": true
  },
  "minecraft:recipes/building_blocks/magenta_wool": {
    "criteria": {
      "has_white_wool": "2024-11-05 22:29:41 +0000"
    },
    "done": true
  },
  "minecraft:recipes/redstone/trapdoor": {
    "criteria": {
      "has_planks": "2024-11-05 22:30:39 +0000"
    },
    "done": true
  },
  "pixelmon:recipes/decorative/gray_cushion_chair": {
    "criteria": {
      "has_wool": "2024-11-05 22:29:41 +0000"
    },
    "done": true
  },
  "minecraft:recipes/decorations/ladder": {
    "criteria": {
      "has_stick": "2024-11-05 22:30:46 +0000"
    },
    "done": true
  },
  "minecraft:recipes/decorations/chest": {
    "criteria": {
      "has_lots_of_items": "2024-11-05 22:31:03 +0000"
    },
    "done": true
  },
  "minecraft:recipes/building_blocks/brown_concrete_powder": {
    "criteria": {
      "has_sand": "2024-11-05 22:27:35 +0000"
    },
    "done": true
  },
  "pixelmon:recipes/decorative/blue_rug": {
    "criteria": {
      "has_wool": "2024-11-05 22:29:41 +0000"
    },
    "done": true
  },
  "minecraft:recipes/decorations/painting": {
    "criteria": {
      "has_wool": "2024-11-05 22:29:41 +0000"
    },
    "done": true
  },
  "pixelmon:recipes/decorative/green_rug": {
    "criteria": {
      "has_wool": "2024-11-05 22:29:41 +0000"
    },
    "done": true
  },
  "pixelmon:wild_battle_victories/wild_battle_victory_trigger": {
    "criteria": {
      "wild_battle_victory_trigger": "2024-11-05 22:27:24 +0000"
    },
    "done": true
  },
  "minecraft:recipes/tools/wooden_shovel": {
    "criteria": {
      "has_stick": "2024-11-05 22:30:46 +0000"
    },
    "done": true
  },
  "minecraft:recipes/decorations/torch": {
    "criteria": {
      "has_stone_pickaxe": "2024-11-05 22:32:06 +0000"
    },
    "done": true
  },
  "pixelmon:recipes/decorative/cyan_umbrella": {
    "criteria": {
      "has_wool": "2024-11-05 22:29:41 +0000"
    },
    "done": true
  },
  "minecraft:recipes/redstone/wooden_pressure_plate": {
    "criteria": {
      "has_planks": "2024-11-05 22:30:39 +0000"
    },
    "done": true
  },
  "minecraft:recipes/building_blocks/cyan_wool": {
    "criteria": {
      "has_white_wool": "2024-11-05 22:29:41 +0000"
    },
    "done": true
  },
  "minecraft:recipes/misc/stick": {
    "criteria": {
      "has_planks": "2024-11-05 22:30:39 +0000"
    },
    "done": true
  },
  "minecraft:recipes/combat/arrow": {
    "criteria": {
      "has_feather": "2024-11-05 22:23:52 +0000"
    },
    "done": true
  },
  "minecraft:recipes/decorations/sign": {
    "criteria": {
      "has_planks": "2024-11-05 22:30:39 +0000"
    },
    "done": true
  },
  "minecraft:recipes/transportation/spruce_boat": {
    "criteria": {
      "entered_water": "2024-11-05 22:23:59 +0000"
    },
    "done": true
  },
  "minecraft:recipes/building_blocks/light_blue_wool": {
    "criteria": {
      "has_white_wool": "2024-11-05 22:29:41 +0000"
    },
    "done": true
  },
  "pixelmon:recipes/decorative/brown_rug": {
    "criteria": {
      "has_wool": "2024-11-05 22:29:41 +0000"
    },
    "done": true
  },
  "minecraft:recipes/redstone/wooden_button": {
    "criteria": {
      "has_planks": "2024-11-05 22:30:39 +0000"
    },
    "done": true
  },
  "minecraft:recipes/combat/wooden_sword": {
    "criteria": {
      "has_stick": "2024-11-05 22:30:46 +0000"
    },
    "done": true
  },
  "minecraft:recipes/tools/stone_shovel": {
    "criteria": {
      "has_cobblestone": "2024-11-05 22:31:54 +0000"
    },
    "done": true
  },
  "minecraft:recipes/building_blocks/blue_concrete_powder": {
    "criteria": {
      "has_sand": "2024-11-05 22:27:35 +0000"
    },
    "done": true
  },
  "pixelmon:recipes/decorative/purple_rug": {
    "criteria": {
      "has_wool": "2024-11-05 22:29:41 +0000"
    },
    "done": true
  },
  "minecraft:recipes/building_blocks/gray_concrete_powder": {
    "criteria": {
      "has_sand": "2024-11-05 22:27:35 +0000"
    },
    "done": true
  },
  "pixelmon:recipes/decorative/white_cushion_chair": {
    "criteria": {
      "has_wool": "2024-11-05 22:29:41 +0000"
    },
    "done": true
  },
  "minecraft:recipes/building_blocks/gray_wool": {
    "criteria": {
      "has_white_wool": "2024-11-05 22:29:41 +0000"
    },
    "done": true
  },
  "pixelmon:recipes/decorative/black_umbrella": {
    "criteria": {
      "has_wool": "2024-11-05 22:29:41 +0000"
    },
    "done": true
  },
  "pixelmon:recipes/decorative/yellow_umbrella": {
    "criteria": {
      "has_wool": "2024-11-05 22:29:41 +0000"
    },
    "done": true
  },
  "minecraft:husbandry/balanced_diet": {
    "criteria": {
      "cooked_porkchop": "2024-11-05 22:33:26 +0000"
    },
    "done": false
  },
  "minecraft:recipes/tools/wooden_hoe": {
    "criteria": {
      "has_stick": "2024-11-05 22:30:46 +0000"
    },
    "done": true
  },
  "minecraft:recipes/building_blocks/cobblestone_slab": {
    "criteria": {
      "has_cobblestone": "2024-11-05 22:31:54 +0000"
    },
    "done": true
  },
  "pixelmon:pokedex/pokedex_trigger": {
    "criteria": {
      "pokedex_base": "2024-11-05 22:20:53 +0000"
    },
    "done": true
  },
  "pixelmon:recipes/decorative/blue_cushion_chair": {
    "criteria": {
      "has_wool": "2024-11-05 22:29:41 +0000"
    },
    "done": true
  },
  "minecraft:recipes/redstone/tripwire_hook": {
    "criteria": {
      "has_string": "2024-11-05 22:51:12 +0000"
    },
    "done": true
  },
  "pixelmon:recipes/decorative/green_umbrella": {
    "criteria": {
      "has_wool": "2024-11-05 22:29:41 +0000"
    },
    "done": true
  },
  "pixelmon:recipes/decorative/white_umbrella": {
    "criteria": {
      "has_wool": "2024-11-05 22:29:41 +0000"
    },
    "done": true
  },
  "minecraft:recipes/building_blocks/black_concrete_powder": {
    "criteria": {
      "has_sand": "2024-11-05 22:27:35 +0000"
    },
    "done": true
  },
  "pixelmon:recipes/decorative/pink_cushion_chair": {
    "criteria": {
      "has_wool": "2024-11-05 22:29:41 +0000"
    },
    "done": true
  },
  "pixelmon:recipes/decorative/yellow_rug": {
    "criteria": {
      "has_wool": "2024-11-05 22:29:41 +0000"
    },
    "done": true
  },
  "minecraft:recipes/building_blocks/spruce_wooden_slab": {
    "criteria": {
      "has_planks": "2024-11-05 22:30:39 +0000"
    },
    "done": true
  },
  "minecraft:story/root": {
    "criteria": {
      "crafting_table": "2024-11-05 22:30:44 +0000"
    },
    "done": true
  },
  "minecraft:recipes/decorations/white_banner": {
    "criteria": {
      "has_white_wool": "2024-11-05 22:29:41 +0000"
    },
    "done": true
  },
  "minecraft:recipes/building_blocks/light_gray_concrete_powder": {
    "criteria": {
      "has_sand": "2024-11-05 22:27:35 +0000"
    },
    "done": true
  },
  "minecraft:recipes/building_blocks/light_blue_concrete_powder": {
    "criteria": {
      "has_sand": "2024-11-05 22:27:35 +0000"
    },
    "done": true
  },
  "minecraft:recipes/building_blocks/yellow_wool": {
    "criteria": {
      "has_white_wool": "2024-11-05 22:29:41 +0000"
    },
    "done": true
  },
  "pixelmon:recipes/decorative/orange_cushion_chair": {
    "criteria": {
      "has_wool": "2024-11-05 22:29:41 +0000"
    },
    "done": true
  },
  "pixelmon:recipes/decorative/brown_umbrella": {
    "criteria": {
      "has_wool": "2024-11-05 22:29:41 +0000"
    },
    "done": true
  },
  "pixelmon:recipes/decorative/black_rug": {
    "criteria": {
      "has_wool": "2024-11-05 22:29:41 +0000"
    },
    "done": true
  },
  "pixelmon:recipes/decorative/green_cushion_chair": {
    "criteria": {
      "has_wool": "2024-11-05 22:29:41 +0000"
    },
    "done": true
  },
  "minecraft:recipes/building_blocks/pink_concrete_powder": {
    "criteria": {
      "has_sand": "2024-11-05 22:27:35 +0000"
    },
    "done": true
  },
  "minecraft:recipes/building_blocks/red_concrete_powder": {
    "criteria": {
      "has_sand": "2024-11-05 22:27:35 +0000"
    },
    "done": true
  },
  "minecraft:recipes/combat/bow": {
    "criteria": {
      "has_string": "2024-11-05 22:51:12 +0000"
    },
    "done": true
  },
  "minecraft:recipes/building_blocks/string_to_wool": {
    "criteria": {
      "has_string": "2024-11-05 22:51:12 +0000"
    },
    "done": true
  },
  "minecraft:recipes/building_blocks/purple_concrete_powder": {
    "criteria": {
      "has_sand": "2024-11-05 22:27:35 +0000"
    },
    "done": true
  },
  "pixelmon:recipes/decorative/red_umbrella": {
    "criteria": {
      "has_wool": "2024-11-05 22:29:41 +0000"
    },
    "done": true
  },
  "minecraft:recipes/misc/sugar": {
    "criteria": {
      "has_reeds": "2024-11-05 22:23:58 +0000"
    },
    "done": true
  },
  "minecraft:recipes/building_blocks/blue_wool": {
    "criteria": {
      "has_white_wool": "2024-11-05 22:29:41 +0000"
    },
    "done": true
  },
  "pixelmon:recipes/decorative/orange_rug": {
    "criteria": {
      "has_wool": "2024-11-05 22:29:41 +0000"
    },
    "done": true
  },
  "minecraft:story/mine_stone": {
    "criteria": {
      "get_stone": "2024-11-05 22:31:54 +0000"
    },
    "done": true
  },
  "minecraft:recipes/decorations/furnace": {
    "criteria": {
      "has_cobblestone": "2024-11-05 22:31:54 +0000"
    },
    "done": true
  },
  "minecraft:adventure/adventuring_time": {
    "criteria": {
      "forest": "2024-11-05 22:34:34 +0000",
      "deep_ocean": "2024-11-05 22:40:12 +0000",
      "beaches": "2024-11-05 22:24:08 +0000",
      "plains": "2024-11-05 22:31:34 +0000",
      "taiga": "2024-11-05 22:23:43 +0000",
      "taiga_hills": "2024-11-05 22:20:43 +0000",
      "ocean": "2024-11-05 22:26:23 +0000",
      "extreme_hills": "2024-11-05 22:44:03 +0000",
      "river": "2024-11-05 22:30:51 +0000",
      "stone_beach": "2024-11-05 22:45:16 +0000"
    },
    "done": false
  },
  "minecraft:recipes/building_blocks/sandstone": {
    "criteria": {
      "has_sand": "2024-11-05 22:27:35 +0000"
    },
    "done": true
  },
  "minecraft:adventure/sleep_in_bed": {
    "criteria": {
      "slept_in_bed": "2024-11-05 22:36:56 +0000"
    },
    "done": true
  },
  "minecraft:recipes/building_blocks/spruce_planks": {
    "criteria": {
      "has_log": "2024-11-05 22:30:15 +0000"
    },
    "done": true
  },
  "minecraft:recipes/building_blocks/orange_wool": {
    "criteria": {
      "has_white_wool": "2024-11-05 22:29:41 +0000"
    },
    "done": true
  },
  "minecraft:recipes/tools/wooden_pickaxe": {
    "criteria": {
      "has_stick": "2024-11-05 22:30:46 +0000"
    },
    "done": true
  },
  "minecraft:husbandry/root": {
    "criteria": {
      "consumed_item": "2024-11-05 22:33:26 +0000"
    },
    "done": true
  },
  "pixelmon:recipes/decorative/yellow_cushion_chair": {
    "criteria": {
      "has_wool": "2024-11-05 22:29:41 +0000"
    },
    "done": true
  },
  "pixelmon:recipes/decorative/gray_umbrella": {
    "criteria": {
      "has_wool": "2024-11-05 22:29:41 +0000"
    },
    "done": true
  },
  "minecraft:recipes/transportation/birch_boat": {
    "criteria": {
      "entered_water": "2024-11-05 22:23:59 +0000"
    },
    "done": true
  },
  "minecraft:recipes/combat/stone_sword": {
    "criteria": {
      "has_cobblestone": "2024-11-05 22:31:54 +0000"
    },
    "done": true
  },
  "minecraft:recipes/decorations/cobblestone_wall": {
    "criteria": {
      "has_cobblestone": "2024-11-05 22:31:54 +0000"
    },
    "done": true
  },
  "minecraft:recipes/building_blocks/green_concrete_powder": {
    "criteria": {
      "has_sand": "2024-11-05 22:27:35 +0000"
    },
    "done": true
  },
  "minecraft:recipes/transportation/acacia_boat": {
    "criteria": {
      "entered_water": "2024-11-05 22:23:59 +0000"
    },
    "done": true
  },
  "minecraft:recipes/tools/stone_pickaxe": {
    "criteria": {
      "has_cobblestone": "2024-11-05 22:31:54 +0000"
    },
    "done": true
  },
  "minecraft:recipes/transportation/boat": {
    "criteria": {
      "entered_water": "2024-11-05 22:23:59 +0000"
    },
    "done": true
  },
  "minecraft:recipes/transportation/jungle_boat": {
    "criteria": {
      "entered_water": "2024-11-05 22:23:59 +0000"
    },
    "done": true
  },
  "pixelmon:recipes/decorative/white_folding_chair": {
    "criteria": {
      "has_wool": "2024-11-05 22:29:41 +0000"
    },
    "done": true
  },
  "pixelmon:recipes/decorative/red_rug": {
    "criteria": {
      "has_wool": "2024-11-05 22:29:41 +0000"
    },
    "done": true
  },
  "minecraft:recipes/building_blocks/white_concrete_powder": {
    "criteria": {
      "has_sand": "2024-11-05 22:27:35 +0000"
    },
    "done": true
  },
  "pixelmon:recipes/decorative/purple_cushion_chair": {
    "criteria": {
      "has_wool": "2024-11-05 22:29:41 +0000"
    },
    "done": true
  },
  "pixelmon:recipes/decorative/cyan_rug": {
    "criteria": {
      "has_wool": "2024-11-05 22:29:41 +0000"
    },
    "done": true
  },
  "minecraft:recipes/tools/stone_hoe": {
    "criteria": {
      "has_cobblestone": "2024-11-05 22:31:54 +0000"
    },
    "done": true
  },
  "minecraft:recipes/decorations/spruce_fence": {
    "criteria": {
      "has_planks": "2024-11-05 22:30:39 +0000"
    },
    "done": true
  },
  "minecraft:recipes/transportation/dark_oak_boat": {
    "criteria": {
      "entered_water": "2024-11-05 22:23:59 +0000"
    },
    "done": true
  },
  "minecraft:recipes/building_blocks/pink_wool": {
    "criteria": {
      "has_white_wool": "2024-11-05 22:29:41 +0000"
    },
    "done": true
  },
  "pixelmon:recipes/decorative/purple_umbrella": {
    "criteria": {
      "has_wool": "2024-11-05 22:29:41 +0000"
    },
    "done": true
  },
  "pixelmon:recipes/decorative/cyan_cushion_chair": {
    "criteria": {
      "has_wool": "2024-11-05 22:29:41 +0000"
    },
    "done": true
  },
  "pixelmon:recipes/machines/mechanical_anvil": {
    "criteria": {
      "has_furnace": "2024-11-05 22:32:25 +0000"
    },
    "done": true
  },
  "minecraft:recipes/decorations/white_carpet": {
    "criteria": {
      "has_white_wool": "2024-11-05 22:29:41 +0000"
    },
    "done": true
  },
  "minecraft:recipes/building_blocks/spruce_stairs": {
    "criteria": {
      "has_planks": "2024-11-05 22:30:39 +0000"
    },
    "done": true
  },
  "minecraft:recipes/building_blocks/stone_stairs": {
    "criteria": {
      "has_cobblestone": "2024-11-05 22:31:54 +0000"
    },
    "done": true
  },
  "pixelmon:recipes/machines/infuser": {
    "criteria": {
      "has_furnace": "2024-11-05 22:32:25 +0000"
    },
    "done": true
  },
  "pixelmon:recipes/decorative/gray_rug": {
    "criteria": {
      "has_wool": "2024-11-05 22:29:41 +0000"
    },
    "done": true
  },
  "pixelmon:recipes/decorative/orange_umbrella": {
    "criteria": {
      "has_wool": "2024-11-05 22:29:41 +0000"
    },
    "done": true
  },
  "pixelmon:recipes/decorative/red_cushion_chair": {
    "criteria": {
      "has_wool": "2024-11-05 22:29:41 +0000"
    },
    "done": true
  },
  "minecraft:story/upgrade_tools": {
    "criteria": {
      "stone_pickaxe": "2024-11-05 22:32:06 +0000"
    },
    "done": true
  },
  "minecraft:recipes/building_blocks/light_gray_wool": {
    "criteria": {
      "has_white_wool": "2024-11-05 22:29:41 +0000"
    },
    "done": true
  },
  "minecraft:recipes/building_blocks/red_wool": {
    "criteria": {
      "has_white_wool": "2024-11-05 22:29:41 +0000"
    },
    "done": true
  },
  "minecraft:recipes/tools/stone_axe": {
    "criteria": {
      "has_cobblestone": "2024-11-05 22:31:54 +0000"
    },
    "done": true
  },
  "minecraft:recipes/building_blocks/orange_concrete_powder": {
    "criteria": {
      "has_sand": "2024-11-05 22:27:35 +0000"
    },
    "done": true
  },
  "minecraft:recipes/building_blocks/cyan_concrete_powder": {
    "criteria": {
      "has_sand": "2024-11-05 22:27:35 +0000"
    },
    "done": true
  },
  "pixelmon:recipes/decorative/brown_cushion_chair": {
    "criteria": {
      "has_wool": "2024-11-05 22:29:41 +0000"
    },
    "done": true
  }
}